card_id,name,rarity,type,cost,attribute,power,counter,color,block,feature,effect,set
OP09-001,Shanks,L,LEADER,Life5,Slash,5000,-,Red,3,The Four Emperors/Red-Haired Pirates,[Once Per Turn] This effect can be activated when your opponent attacks. Give up to 1 of your opponent's Leader or Character cards −1000 power during this turn.,-EMPERORS IN THE NEW WORLD- [OP-09]
OP09-001,Shanks,L,LEADER,Life5,Slash,5000,-,Red,3,The Four Emperors/Red-Haired Pirates,[Once Per Turn] This effect can be activated when your opponent attacks. Give up to 1 of your opponent's Leader or Character cards −1000 power during this turn.,-EMPERORS IN THE NEW WORLD- [OP-09]
OP09-002,Uta,R,CHARACTER,1,Special,2000,1000,Red,3,FILM,"[On Play] Look at 5 cards from the top of your deck; reveal up to 1 {Red-Haired Pirates} type card and add it to your hand. Then, place the rest at the bottom of your deck in any order.",-EMPERORS IN THE NEW WORLD- [OP-09]
OP09-002,Uta,R,CHARACTER,1,Special,2000,1000,Red,3,FILM,"[On Play] Look at 5 cards from the top of your deck; reveal up to 1 {Red-Haired Pirates} type card and add it to your hand. Then, place the rest at the bottom of your deck in any order.",-EMPERORS IN THE NEW WORLD- [OP-09]
OP09-003,Shachi & Penguin,C,CHARACTER,4,Ranged,5000,1000,Red,3,Heart Pirates,[When Attacking] Give up to 1 of your opponent's Characters −2000 power during this turn.,-EMPERORS IN THE NEW WORLD- [OP-09]
OP09-004,Shanks,SR,CHARACTER,10,Slash,12000,-,Red,3,The Four Emperors/Red-Haired Pirates,Give all of your opponent's Characters −1000 power.[Rush] (This card can attack on the turn in which it is played.),-EMPERORS IN THE NEW WORLD- [OP-09]
OP09-004,Shanks,SR,CHARACTER,10,Slash,12000,-,Red,3,The Four Emperors/Red-Haired Pirates,Give all of your opponent's Characters −1000 power.[Rush] (This card can attack on the turn in which it is played.),-EMPERORS IN THE NEW WORLD- [OP-09]
OP09-004,Shanks,SR,CHARACTER,10,Slash,12000,-,Red,3,The Four Emperors/Red-Haired Pirates,Give all of your opponent's Characters −1000 power.[Rush] (This card can attack on the turn in which it is played.),-EMPERORS IN THE NEW WORLD- [OP-09]
OP09-005,Silvers Rayleigh,R,CHARACTER,5,Slash,6000,1000,Red,3,Roger Pirates,"[Blocker] (After your opponent declares an attack, you may rest this card to make it the new target of the attack.)[On Play] If your opponent has 2 or more Characters with a base power of 5000 or more, draw 2 cards and trash 1 card from your hand.",-EMPERORS IN THE NEW WORLD- [OP-09]
OP09-006,Howling Gab,C,CHARACTER,5,Special,7000,1000,Red,3,Red-Haired Pirates,-,-EMPERORS IN THE NEW WORLD- [OP-09]
OP09-007,Heat,C,CHARACTER,3,Special,4000,1000,Red,3,Kid Pirates,"[Blocker] (After your opponent declares an attack, you may rest this card to make it the new target of the attack.)[On Play] Up to 1 of your Leader with 4000 power or less gains +1000 power during this turn.",-EMPERORS IN THE NEW WORLD- [OP-09]
OP09-008,Building Snake,UC,CHARACTER,1,Slash,2000,-,Red,3,Red-Haired Pirates,[Activate: Main] You may place this Character at the bottom of the owner's deck: Give up to 1 of your opponent's Characters −3000 power during this turn.,-EMPERORS IN THE NEW WORLD- [OP-09]
OP09-009,Benn.Beckman,SR,CHARACTER,7,Ranged,7000,1000,Red,3,Red-Haired Pirates,[On Play] Trash up to 1 of your opponent's Characters with 6000 power or less.,-EMPERORS IN THE NEW WORLD- [OP-09]
OP09-009,Benn.Beckman,SR,CHARACTER,7,Ranged,7000,1000,Red,3,Red-Haired Pirates,[On Play] Trash up to 1 of your opponent's Characters with 6000 power or less.,-EMPERORS IN THE NEW WORLD- [OP-09]
OP09-010,Bonk Punch,C,CHARACTER,4,Strike,5000,1000,Red,3,Red-Haired Pirates,[On Play] Play up to 1 [Monster] from your hand.[DON!! x1] [When Attacking] This Character gains +2000 power during this turn.,-EMPERORS IN THE NEW WORLD- [OP-09]
OP09-011,Hongo,UC,CHARACTER,3,Strike,3000,2000,Red,3,Red-Haired Pirates,"[Activate: Main] You may rest this Character: If your Leader has the {Red-Haired Pirates} type, give up to 1 of your opponent's Characters −2000 power during this turn.",-EMPERORS IN THE NEW WORLD- [OP-09]
OP09-012,Monster,C,CHARACTER,3,Strike,4000,1000,Red,3,Animal/Red-Haired Pirates,"If your Character [Bonk Punch] would be K.O.'d by an effect, you may trash this Character instead.",-EMPERORS IN THE NEW WORLD- [OP-09]
OP09-013,Yasopp,R,CHARACTER,5,Ranged,6000,1000,Red,3,Red-Haired Pirates,[On Play] Up to 1 of your Leader gains +1000 power until the end of your opponent's next turn.[DON!! x1] [When Attacking] Give up to 1 of your opponent's Characters −1000 power during this turn.,-EMPERORS IN THE NEW WORLD- [OP-09]
OP09-014,Limejuice,UC,CHARACTER,3,Special,3000,2000,Red,3,Red-Haired Pirates,[On Play] Your opponent cannot activate up to 1 [Blocker] Character that has 4000 power or less during this turn.,-EMPERORS IN THE NEW WORLD- [OP-09]
OP09-015,Lucky.Roux,R,CHARACTER,4,Ranged,5000,1000,Red,3,Red-Haired Pirates,"[Blocker] (After your opponent declares an attack, you may rest this card to make it the new target of the attack.)[On K.O.] If your Leader has the {Red-Haired Pirates} type, K.O. up to 1 of your opponent's Characters with a base power of 6000 or less.",-EMPERORS IN THE NEW WORLD- [OP-09]
OP09-016,Rockstar,C,CHARACTER,4,Slash,6000,1000,Red,3,Red-Haired Pirates,-,-EMPERORS IN THE NEW WORLD- [OP-09]
OP09-017,Wire,UC,CHARACTER,4,Slash,4000,2000,Red,3,Kid Pirates,"[DON!! x1] If your Leader has 7000 power or more and the {Kid Pirates} type, this Character gains [Rush].",-EMPERORS IN THE NEW WORLD- [OP-09]
OP09-018,Get Out of Here!,UC,EVENT,3,,-,-,Red,3,Red-Haired Pirates,[Main] K.O. up to 2 of your opponent's Characters with a total power of 4000 or less.,-EMPERORS IN THE NEW WORLD- [OP-09]
OP09-019,Nobody Hurts a Friend of Mine!!!!,C,EVENT,2,,-,-,Red,3,Red-Haired Pirates,"[Main] If your Leader has the {Red-Haired Pirates} type, give up to 1 of your opponent's Characters −3000 power during this turn. Then, if your opponent has a Character with 5000 or more power, draw 1 card.",-EMPERORS IN THE NEW WORLD- [OP-09]
OP09-020,Come On!! We'll Fight You!!,R,EVENT,1,,-,-,Red,3,The Four Emperors/Red-Haired Pirates,"[Main] Look at 5 cards from the top of your deck; reveal up to 1 {Red-Haired Pirates} type card other than [Come On!! We'll Fight You!!] and add it to your hand. Then, place the rest at the bottom of your deck in any order.",-EMPERORS IN THE NEW WORLD- [OP-09]
OP09-021,Red Force,C,STAGE,2,,-,-,Red,3,Red-Haired Pirates,"[Activate: Main] You may rest this Stage: If your Leader has the {Red-Haired Pirates} type, give up to 1 of your opponent's Characters −1000 power during this turn.",-EMPERORS IN THE NEW WORLD- [OP-09]
OP09-022,Lim,L,LEADER,Life4,Wisdom,5000,-,Green/Purple,3,ODYSSEY,"Your Character cards are played rested.[Activate: Main] [Once Per Turn] You may rest 3 of your DON!! cards: Add up to 1 DON!! card from your DON!! deck and rest it, and play up to 1 {ODYSSEY} type Character card with a cost of 5 or less from your hand.",-EMPERORS IN THE NEW WORLD- [OP-09]
OP09-022,Lim,L,LEADER,Life4,Wisdom,5000,-,Green/Purple,3,ODYSSEY,"Your Character cards are played rested.[Activate: Main] [Once Per Turn] You may rest 3 of your DON!! cards: Add up to 1 DON!! card from your DON!! deck and rest it, and play up to 1 {ODYSSEY} type Character card with a cost of 5 or less from your hand.",-EMPERORS IN THE NEW WORLD- [OP-09]
OP09-023,Adio,SR,CHARACTER,9,Special,9000,-,Green,3,ODYSSEY,"[On Play] If your Leader has the {ODYSSEY} type, set up to 3 of your DON!! cards as active.[On Your Opponent's Attack] [Once Per Turn] You may rest 1 of your DON!! cards: Up to 1 of your Leader or Character cards gains +2000 power during this battle.",-EMPERORS IN THE NEW WORLD- [OP-09]
OP09-023,Adio,SR,CHARACTER,9,Special,9000,-,Green,3,ODYSSEY,"[On Play] If your Leader has the {ODYSSEY} type, set up to 3 of your DON!! cards as active.[On Your Opponent's Attack] [Once Per Turn] You may rest 1 of your DON!! cards: Up to 1 of your Leader or Character cards gains +2000 power during this battle.",-EMPERORS IN THE NEW WORLD- [OP-09]
OP09-024,Usopp,C,CHARACTER,4,Ranged,5000,1000,Green,3,ODYSSEY/Straw Hat Crew,"[On Play] If you have 2 or more rested Characters, draw 2 cards and trash 2 cards from your hand.",-EMPERORS IN THE NEW WORLD- [OP-09]
OP09-025,Crocodile,UC,CHARACTER,4,Special,5000,1000,Green,3,ODYSSEY/The Seven Warlords of the Sea/Baroque Works,"If your Leader has the {ODYSSEY} type, this Character cannot be K.O.'d in battle by Leaders.",-EMPERORS IN THE NEW WORLD- [OP-09]
OP09-026,Sakazuki,R,CHARACTER,6,Special,7000,-,Green,3,ODYSSEY/Navy,"[On Play] If you have 2 or more rested Characters, K.O. up to 1 of your opponent's Characters with a cost of 5 or less.",-EMPERORS IN THE NEW WORLD- [OP-09]
OP09-027,Sabo,UC,CHARACTER,5,Special,6000,1000,Green,3,ODYSSEY/Revolutionary Army,"[When Attacking] [Once Per Turn] If you have 3 or more rested Characters, draw 1 card.",-EMPERORS IN THE NEW WORLD- [OP-09]
OP09-028,Sanji,C,CHARACTER,5,Strike,6000,1000,Green,3,ODYSSEY/Straw Hat Crew,[On K.O.] You may add 1 card from the top or bottom of your Life cards to your hand: Play up to 1 {ODYSSEY} or {Straw Hat Crew} type Character card with a cost of 4 or less from your trash rested.,-EMPERORS IN THE NEW WORLD- [OP-09]
OP09-029,Tony Tony.Chopper,C,CHARACTER,3,Strike,4000,1000,Green,3,ODYSSEY/Animal/Straw Hat Crew,[End of Your Turn] Set up to 1 of your {ODYSSEY} type Characters with a cost of 4 or less as active.,-EMPERORS IN THE NEW WORLD- [OP-09]
OP09-030,Trafalgar Law,UC,CHARACTER,3,Slash,4000,1000,Green,3,ODYSSEY/Supernovas/Heart Pirates,[On Play] You may return 1 of your Characters to the owner's hand: Play up to 1 {ODYSSEY} type Character card with a cost of 3 or less other than [Trafalgar Law] from your hand.,-EMPERORS IN THE NEW WORLD- [OP-09]
OP09-031,Donquixote Doflamingo,R,CHARACTER,5,Special,6000,1000,Green,3,ODYSSEY/The Seven Warlords of the Sea/Donquixote Pirates,"[Blocker] (After your opponent declares an attack, you may rest this card to make it the new target of the attack.)[End of Your Turn] If you have 2 or more rested Characters, set this Character as active.",-EMPERORS IN THE NEW WORLD- [OP-09]
OP09-032,Donquixote Rosinante,UC,CHARACTER,3,Special,4000,1000,Green,3,ODYSSEY/Navy/Donquixote Pirates,"[Blocker] (After your opponent declares an attack, you may rest this card to make it the new target of the attack.)[On Your Opponent's Attack] [Once Per Turn] Set this Character as active.",-EMPERORS IN THE NEW WORLD- [OP-09]
OP09-033,Nico Robin,C,CHARACTER,4,Strike,5000,1000,Green,3,ODYSSEY/Straw Hat Crew,"[On Play] If you have 2 or more rested Characters, none of your {ODYSSEY} or {Straw Hat Crew} type Characters can be K.O.'d by effects until the end of your opponent's next turn.",-EMPERORS IN THE NEW WORLD- [OP-09]
OP09-034,Perona,R,CHARACTER,1,Special,2000,2000,Green,3,Muggy Kingdom/Thriller Bark Pirates,"[On Play] Look at 5 cards from the top of your deck; reveal up to 1 [Dracule Mihawk] or {Thriller Bark Pirates} type card and add it to your hand. Then, place the rest at the bottom of your deck in any order and trash 1 card from your hand.",-EMPERORS IN THE NEW WORLD- [OP-09]
OP09-034,Perona,R,CHARACTER,1,Special,2000,2000,Green,3,Muggy Kingdom/Thriller Bark Pirates,"[On Play] Look at 5 cards from the top of your deck; reveal up to 1 [Dracule Mihawk] or {Thriller Bark Pirates} type card and add it to your hand. Then, place the rest at the bottom of your deck in any order and trash 1 card from your hand.",-EMPERORS IN THE NEW WORLD- [OP-09]
OP09-035,Portgas.D.Ace,UC,CHARACTER,5,Special,5000,2000,Green,3,ODYSSEY/Whitebeard Pirates,"[On Play] If you have 2 or more rested Characters, rest up to 1 of your opponent's Characters with a cost of 5 or less.",-EMPERORS IN THE NEW WORLD- [OP-09]
OP09-036,Monkey.D.Luffy,C,CHARACTER,5,Strike,6000,1000,Green,3,ODYSSEY/Supernovas/Straw Hat Crew,"[On Play] If you have 2 or more rested Characters, rest up to 1 of your opponent's DON!! cards or Characters with a cost of 6 or less.",-EMPERORS IN THE NEW WORLD- [OP-09]
OP09-037,Lim,SR,CHARACTER,3,Wisdom,5000,-,Green,3,ODYSSEY,"[On Play] Look at 5 cards from the top of your deck; reveal up to 1 {ODYSSEY} type card other than [Lim] and add it to your hand. Then, place the rest at the bottom of your deck in any order.[End of Your Turn] If you have 3 or more rested Characters, set this Character as active.",-EMPERORS IN THE NEW WORLD- [OP-09]
OP09-037,Lim,SR,CHARACTER,3,Wisdom,5000,-,Green,3,ODYSSEY,"[On Play] Look at 5 cards from the top of your deck; reveal up to 1 {ODYSSEY} type card other than [Lim] and add it to your hand. Then, place the rest at the bottom of your deck in any order.[End of Your Turn] If you have 3 or more rested Characters, set this Character as active.",-EMPERORS IN THE NEW WORLD- [OP-09]
OP09-038,Rob Lucci,C,CHARACTER,4,Strike,6000,1000,Green,3,ODYSSEY/CP9,-,-EMPERORS IN THE NEW WORLD- [OP-09]
OP09-039,Gum-Gum Cuatro Jet Cross Shock Bazooka,R,EVENT,1,,-,-,Green,3,ODYSSEY/Supernovas/Straw Hat Crew,"[Counter] If your Leader has the {ODYSSEY} type and you have 2 or more rested Characters, up to 1 of your Leader or Character cards gains +2000 power during this turn.",-EMPERORS IN THE NEW WORLD- [OP-09]
OP09-040,Thunder Lance Flip Caliber Phoenix Shot,UC,EVENT,3,,-,-,Green,3,ODYSSEY/Supernovas/Straw Hat Crew,"[Main] If you have 2 or more rested Characters, K.O. up to 1 of your opponent's Characters with a cost of 4 or less.",-EMPERORS IN THE NEW WORLD- [OP-09]
OP09-041,Soul Franky Swing Arm Boxing Solid,C,EVENT,1,,-,-,Green,3,ODYSSEY/Straw Hat Crew,"[Counter] Up to 1 of your Leader or Character cards gains +2000 power during this battle. Then, if your Leader has the {ODYSSEY} type and you have 2 or more rested Characters, set up to 2 of your Characters as active.",-EMPERORS IN THE NEW WORLD- [OP-09]
OP09-042,Buggy,L,LEADER,Life5,Slash,5000,-,Blue,3,The Four Emperors/Cross Guild,[Activate: Main] You may rest 5 of your DON!! cards and trash 1 card from your hand: Play up to 1 {Cross Guild} type Character card from your hand.,-EMPERORS IN THE NEW WORLD- [OP-09]
OP09-042,Buggy,L,LEADER,Life5,Slash,5000,-,Blue,3,The Four Emperors/Cross Guild,[Activate: Main] You may rest 5 of your DON!! cards and trash 1 card from your hand: Play up to 1 {Cross Guild} type Character card from your hand.,-EMPERORS IN THE NEW WORLD- [OP-09]
OP09-043,Alvida,UC,CHARACTER,5,Strike,6000,1000,Blue,3,Cross Guild,"[On K.O.] If your Leader has the {Cross Guild} type, play up to 1 Character card with a cost of 5 or less other than [Alvida] from your hand.",-EMPERORS IN THE NEW WORLD- [OP-09]
OP09-044,Izo,UC,CHARACTER,3,Ranged,4000,1000,Blue,3,Land of Wano/Whitebeard Pirates,"[When Attacking] Look at 5 cards from the top of your deck; reveal up to 1 {Land of Wano} type card or card with a type including ""Whitebeard Pirates"" and add it to your hand. Then, place the rest at the bottom of your deck in any order and trash 1 card from your hand.",-EMPERORS IN THE NEW WORLD- [OP-09]
OP09-045,Cabaji,UC,CHARACTER,5,Slash,5000,2000,Blue,3,Cross Guild,"If you have a [Buggy] or [Mohji] Character, this Character cannot be K.O.'d in battle.",-EMPERORS IN THE NEW WORLD- [OP-09]
OP09-046,Crocodile,SR,CHARACTER,7,Special,7000,1000,Blue,3,Cross Guild/Former Baroque Works,"[On Play] Play up to 1 {Cross Guild} type Character card or Character card with a type including ""Baroque Works"" with a cost of 5 or less from your hand.",-EMPERORS IN THE NEW WORLD- [OP-09]
OP09-046,Crocodile,SR,CHARACTER,7,Special,7000,1000,Blue,3,Cross Guild/Former Baroque Works,"[On Play] Play up to 1 {Cross Guild} type Character card or Character card with a type including ""Baroque Works"" with a cost of 5 or less from your hand.",-EMPERORS IN THE NEW WORLD- [OP-09]
OP09-047,Kouzuki Oden,C,CHARACTER,9,Slash,10000,-,Blue,3,Land of Wano/Whitebeard Pirates,[Double Attack] (This card deals 2 damage.)[On K.O.] Draw 2 cards and trash 1 card from your hand.,-EMPERORS IN THE NEW WORLD- [OP-09]
OP09-048,Dracule Mihawk,SR,CHARACTER,6,Slash,7000,-,Blue,3,Cross Guild,"[Blocker] (After your opponent declares an attack, you may rest this card to make it the new target of the attack.)[On Play] Draw 2 cards and trash 1 card from your hand.",-EMPERORS IN THE NEW WORLD- [OP-09]
OP09-048,Dracule Mihawk,SR,CHARACTER,6,Slash,7000,-,Blue,3,Cross Guild,"[Blocker] (After your opponent declares an attack, you may rest this card to make it the new target of the attack.)[On Play] Draw 2 cards and trash 1 card from your hand.",-EMPERORS IN THE NEW WORLD- [OP-09]
OP09-049,Jozu,C,CHARACTER,4,Strike,6000,1000,Blue,3,Whitebeard Pirates,-,-EMPERORS IN THE NEW WORLD- [OP-09]
OP09-050,Nami,R,CHARACTER,1,Wisdom,1000,1000,Blue,3,East Blue,"[When Attacking] Look at 5 cards from the top of your deck; reveal up to 1 blue Event and add it to your hand. Then, place the rest at the bottom of your deck in any order.",-EMPERORS IN THE NEW WORLD- [OP-09]
OP09-050,Nami,R,CHARACTER,1,Wisdom,1000,1000,Blue,3,East Blue,"[When Attacking] Look at 5 cards from the top of your deck; reveal up to 1 blue Event and add it to your hand. Then, place the rest at the bottom of your deck in any order.",-EMPERORS IN THE NEW WORLD- [OP-09]
OP09-051,Buggy,R,CHARACTER,10,Slash,12000,-,Blue,3,The Four Emperors/Cross Guild,"[On Play] Place up to 1 of your opponent's Characters at the bottom of the owner's deck. Then, if you do not have 5 Characters with a cost of 5 or more, place this Character at the bottom of the owner's deck.",-EMPERORS IN THE NEW WORLD- [OP-09]
OP09-051,Buggy,R,CHARACTER,10,Slash,12000,-,Blue,3,The Four Emperors/Cross Guild,"[On Play] Place up to 1 of your opponent's Characters at the bottom of the owner's deck. Then, if you do not have 5 Characters with a cost of 5 or more, place this Character at the bottom of the owner's deck.",-EMPERORS IN THE NEW WORLD- [OP-09]
OP09-051,Buggy,R,CHARACTER,10,Slash,12000,-,Blue,3,The Four Emperors/Cross Guild,"[On Play] Place up to 1 of your opponent's Characters at the bottom of the owner's deck. Then, if you do not have 5 Characters with a cost of 5 or more, place this Character at the bottom of the owner's deck.",-EMPERORS IN THE NEW WORLD- [OP-09]
OP09-052,Marco,C,CHARACTER,3,Special,5000,-,Blue,3,Whitebeard Pirates,"[Opponent's Turn] You may trash 1 card from your hand: When this Character is K.O.'d by your opponent's effect, play this Character card from your trash rested.",-EMPERORS IN THE NEW WORLD- [OP-09]
OP09-053,Mohji,UC,CHARACTER,5,Wisdom,5000,2000,Blue,3,Cross Guild,"[On Play] Look at 5 cards from the top of your deck; reveal up to 1 [Richie] and add it to your hand. Then, place the rest at the bottom of your deck in any order and play up to 1 [Richie] from your hand.",-EMPERORS IN THE NEW WORLD- [OP-09]
OP09-054,Richie,C,CHARACTER,2,Strike,2000,1000,Blue,3,Animal/Cross Guild,"[Blocker] (After your opponent declares an attack, you may rest this card to make it the new target of the attack.)",-EMPERORS IN THE NEW WORLD- [OP-09]
OP09-055,Mr.1(Daz.Bonez),C,CHARACTER,5,Slash,7000,1000,Blue,3,Cross Guild/Former Baroque Works,-,-EMPERORS IN THE NEW WORLD- [OP-09]
OP09-056,Mr.3(Galdino),R,CHARACTER,1,Special,2000,1000,Blue,3,Cross Guild/Former Baroque Works,"[On Play] Look at 4 cards from the top of your deck; reveal up to 1 {Cross Guild} type card or card with a type including ""Baroque Works"" other than [Mr.3(Galdino)] and add it to your hand. Then, place the rest at the bottom of your deck in any order.",-EMPERORS IN THE NEW WORLD- [OP-09]
OP09-057,Cross Guild,R,EVENT,1,,-,-,Blue,3,Cross Guild,"[Main] Look at 4 cards from the top of your deck; reveal up to 1 {Cross Guild} type card and add it to your hand. Then, place the rest at the bottom of your deck in any order.",-EMPERORS IN THE NEW WORLD- [OP-09]
OP09-058,Special Muggy Ball,C,EVENT,2,,-,-,Blue,3,Buggy Pirates,[Main] Return up to 1 of your opponent's Characters with a cost of 6 or less to the owner's hand.,-EMPERORS IN THE NEW WORLD- [OP-09]
OP09-059,Murder at the Steam Bath,UC,EVENT,2,,-,-,Blue,3,Buggy Pirates,"[Counter] Up to 1 of your Leader or Character cards gains +3000 power during this battle. Then, trash up to 2 cards from your hand. Trash the same number of cards from the top of your deck as you did from your hand.",-EMPERORS IN THE NEW WORLD- [OP-09]
OP09-060,Emptee Bluffs Island,C,STAGE,1,,-,-,Blue,3,Cross Guild,"[Activate: Main] You may place 2 cards from your hand at the bottom of your deck in any order and rest this Stage: If your Leader has the {Cross Guild} type, draw 2 cards.",-EMPERORS IN THE NEW WORLD- [OP-09]
OP09-061,Monkey.D.Luffy,L,LEADER,Life4,Strike,5000,-,Purple/Black,3,The Four Emperors/Straw Hat Crew,"[DON!! x1] All of your Characters gain +1 cost.[Your Turn] [Once Per Turn] When 2 or more DON!! cards on your field are returned to your DON!! deck, add up to 1 DON!! card from your DON!! deck and set it as active, and add up to 1 additional DON!! card and rest it.",-EMPERORS IN THE NEW WORLD- [OP-09]
OP09-061,Monkey.D.Luffy,L,LEADER,Life4,Strike,5000,-,Purple/Black,3,The Four Emperors/Straw Hat Crew,"[DON!! x1] All of your Characters gain +1 cost.[Your Turn] [Once Per Turn] When 2 or more DON!! cards on your field are returned to your DON!! deck, add up to 1 DON!! card from your DON!! deck and set it as active, and add up to 1 additional DON!! card and rest it.",-EMPERORS IN THE NEW WORLD- [OP-09]
OP09-062,Nico Robin,L,LEADER,Life4,Strike,5000,-,Purple/Yellow,3,Straw Hat Crew,"[Banish] (When this card deals damage, the target card is trashed without activating its Trigger.)[When Attacking] You may trash 1 card with a [Trigger] from your hand: Add up to 1 DON!! card from your DON!! deck and rest it.",-EMPERORS IN THE NEW WORLD- [OP-09]
OP09-062,Nico Robin,L,LEADER,Life4,Strike,5000,-,Purple/Yellow,3,Straw Hat Crew,"[Banish] (When this card deals damage, the target card is trashed without activating its Trigger.)[When Attacking] You may trash 1 card with a [Trigger] from your hand: Add up to 1 DON!! card from your DON!! deck and rest it.",-EMPERORS IN THE NEW WORLD- [OP-09]
OP09-063,Usopp,C,CHARACTER,4,Ranged,6000,1000,Purple,3,Straw Hat Crew,-,-EMPERORS IN THE NEW WORLD- [OP-09]
OP09-064,Killer,UC,CHARACTER,5,Slash,5000,1000,Purple,3,Kid Pirates,[On Play] DON!! −1 (You may return the specified number of DON!! cards from your field to your DON!! deck.): Set up to 1 of your {Kid Pirates} type Leader as active.,-EMPERORS IN THE NEW WORLD- [OP-09]
OP09-065,Sanji,SR,CHARACTER,7,Strike,7000,1000,Purple,3,Straw Hat Crew,"[On Play] You may return 1 or more DON!! cards from your field to your DON!! deck: This Character gains [Rush] during this turn. Then, rest up to 1 of your opponent's Characters with a cost of 6 or less.",-EMPERORS IN THE NEW WORLD- [OP-09]
OP09-065,Sanji,SR,CHARACTER,7,Strike,7000,1000,Purple,3,Straw Hat Crew,"[On Play] You may return 1 or more DON!! cards from your field to your DON!! deck: This Character gains [Rush] during this turn. Then, rest up to 1 of your opponent's Characters with a cost of 6 or less.",-EMPERORS IN THE NEW WORLD- [OP-09]
OP09-066,Jean Bart,UC,CHARACTER,4,Strike,6000,-,Purple,3,Heart Pirates,"[On Play] If your opponent has more DON!! cards on their field than you, K.O. up to 1 of your opponent's Characters with a cost of 3 or less.",-EMPERORS IN THE NEW WORLD- [OP-09]
OP09-067,Jinbe,C,CHARACTER,7,Strike,9000,1000,Purple,3,Fish-Man/Straw Hat Crew,-,-EMPERORS IN THE NEW WORLD- [OP-09]
OP09-068,Tony Tony.Chopper,UC,CHARACTER,5,Strike,6000,1000,Purple,3,Animal/Straw Hat Crew,"[End of Your Turn] You may return 1 or more DON!! cards from your field to your DON!! deck: Set this Character as active. Then, this Character gains [Blocker] until the end of your opponent's next turn.",-EMPERORS IN THE NEW WORLD- [OP-09]
OP09-069,Trafalgar Law,R,CHARACTER,1,Slash,2000,1000,Purple,3,Heart Pirates,"[On Play] Look at 4 cards from the top of your deck; reveal up to 1 {Straw Hat Crew} or {Heart Pirates} type card with a cost of 2 or more and add it to your hand. Then, place the rest at the bottom of your deck in any order.",-EMPERORS IN THE NEW WORLD- [OP-09]
OP09-069,Trafalgar Law,R,CHARACTER,1,Slash,2000,1000,Purple,3,Heart Pirates,"[On Play] Look at 4 cards from the top of your deck; reveal up to 1 {Straw Hat Crew} or {Heart Pirates} type card with a cost of 2 or more and add it to your hand. Then, place the rest at the bottom of your deck in any order.",-EMPERORS IN THE NEW WORLD- [OP-09]
OP09-070,Nami,UC,CHARACTER,3,Special,2000,2000,Purple,3,Straw Hat Crew,[On Play] You may return 1 or more DON!! cards from your field to your DON!! deck: Give up to 2 rested DON!! cards to your Leader or 1 of your Characters.,-EMPERORS IN THE NEW WORLD- [OP-09]
OP09-071,Nico Robin,C,CHARACTER,2,Strike,2000,1000,Purple,3,Straw Hat Crew,"[Blocker] (After your opponent declares an attack, you may rest this card to make it the new target of the attack.)",-EMPERORS IN THE NEW WORLD- [OP-09]
OP09-072,Franky,SR,CHARACTER,4,Strike,5000,1000,Purple,3,Straw Hat Crew,"[Blocker] (After your opponent declares an attack, you may rest this card to make it the new target of the attack.)[On Play] DON!! −2, You may trash 1 card from your hand: Draw 2 cards.",-EMPERORS IN THE NEW WORLD- [OP-09]
OP09-072,Franky,SR,CHARACTER,4,Strike,5000,1000,Purple,3,Straw Hat Crew,"[Blocker] (After your opponent declares an attack, you may rest this card to make it the new target of the attack.)[On Play] DON!! −2, You may trash 1 card from your hand: Draw 2 cards.",-EMPERORS IN THE NEW WORLD- [OP-09]
OP09-073,Brook,C,CHARACTER,6,Slash,7000,1000,Purple,3,Straw Hat Crew,[When Attacking] You may return 1 or more DON!! cards from your field to your DON!! deck: Give up to 2 of your opponent's Characters −2000 power during this turn.,-EMPERORS IN THE NEW WORLD- [OP-09]
OP09-074,Bepo,C,CHARACTER,2,Strike,2000,2000,Purple,3,Minks/Heart Pirates,"[Your Turn] [Once Per Turn] When a DON!! card on your field is returned to your DON!! deck, up to 1 of your Leader or Character cards gains +1000 power during this turn.",-EMPERORS IN THE NEW WORLD- [OP-09]
OP09-075,"Eustass""Captain""Kid",UC,CHARACTER,3,Special,5000,-,Purple,3,Kid Pirates,"[On Play] You may add 1 card from the top of your Life cards to your hand: If your Leader has the {Kid Pirates} type, add up to 1 DON!! card from your DON!! deck and set it as active.",-EMPERORS IN THE NEW WORLD- [OP-09]
OP09-076,Roronoa Zoro,R,CHARACTER,3,Slash,5000,-,Purple,3,Straw Hat Crew,[On Play] You may return 1 or more DON!! cards from your field to your DON!! deck: Add up to 1 DON!! card from your DON!! deck and set it as active.,-EMPERORS IN THE NEW WORLD- [OP-09]
OP09-077,Gum-Gum Lightning,UC,EVENT,2,,-,-,Purple,3,The Four Emperors/Straw Hat Crew,[Main] DON!! −2 (You may return the specified number of DON!! cards from your field to your DON!! deck.): K.O. up to 1 of your opponent's Characters with 6000 power or less.,-EMPERORS IN THE NEW WORLD- [OP-09]
OP09-078,Gum-Gum Giant,R,EVENT,1,,-,-,Purple,3,The Four Emperors/Straw Hat Crew,"[Counter] DON!! −2, You may trash 1 card from your hand: If your Leader has the {Straw Hat Crew} type, up to 1 of your Leader or Character cards gains +4000 power during this battle. Then, draw 2 cards.",-EMPERORS IN THE NEW WORLD- [OP-09]
OP09-079,Gum-Gum Jump Rope,C,EVENT,2,,-,-,Purple,3,The Four Emperors/Straw Hat Crew,"[Main] DON!! −2 (You may return the specified number of DON!! cards from your field to your DON!! deck.): Rest up to 1 of your opponent's Characters with a cost of 5 or less. Then, draw 1 card.",-EMPERORS IN THE NEW WORLD- [OP-09]
OP09-080,Thousand Sunny,C,STAGE,1,,-,-,Purple,3,Straw Hat Crew,"[Opponent's Turn] You may rest this Stage: When your {Straw Hat Crew} type Character is removed from the field by your opponent's effect, add up to 1 DON!! card from your DON!! deck and rest it.",-EMPERORS IN THE NEW WORLD- [OP-09]
OP09-081,Marshall.D.Teach,L,LEADER,Life5,Special,5000,-,Black,3,The Four Emperors/Blackbeard Pirates,Your [On Play] effects are negated.[Activate: Main] You may trash 1 card from your hand: Your opponent's [On Play] effects are negated until the end of your opponent's next turn.,-EMPERORS IN THE NEW WORLD- [OP-09]
OP09-081,Marshall.D.Teach,L,LEADER,Life5,Special,5000,-,Black,3,The Four Emperors/Blackbeard Pirates,Your [On Play] effects are negated.[Activate: Main] You may trash 1 card from your hand: Your opponent's [On Play] effects are negated until the end of your opponent's next turn.,-EMPERORS IN THE NEW WORLD- [OP-09]
OP09-082,Avalo Pizarro,C,CHARACTER,4,Special,6000,1000,Black,3,Blackbeard Pirates,-,-EMPERORS IN THE NEW WORLD- [OP-09]
OP09-083,Van Augur,R,CHARACTER,5,Ranged,6000,1000,Black,3,Blackbeard Pirates,"[Activate: Main] You may rest this Character: If your Leader has the {Blackbeard Pirates} type, give up to 1 of your opponent's Characters −3 cost during this turn.[On K.O.] Draw 1 card.",-EMPERORS IN THE NEW WORLD- [OP-09]
OP09-084,Catarina Devon,UC,CHARACTER,5,Special,6000,1000,Black,3,Blackbeard Pirates,"[Activate: Main] [Once Per Turn] If your Leader has the {Blackbeard Pirates} type, this Character gains [Double Attack], [Banish] or [Blocker] until the end of your opponent's next turn.",-EMPERORS IN THE NEW WORLD- [OP-09]
OP09-085,Gecko Moria,C,CHARACTER,4,Special,5000,-,Black,3,Thriller Bark Pirates,[On Play] Play up to 1 {Thriller Bark Pirates} type Character card with a cost of 2 or less from your trash rested.,-EMPERORS IN THE NEW WORLD- [OP-09]
OP09-086,Jesus Burgess,R,CHARACTER,4,Strike,5000,1000,Black,3,Blackbeard Pirates,"This Character cannot be K.O.'d by your opponent's effects.If your Leader has the {Blackbeard Pirates} type, this Character gains +1000 power for every 4 cards in your trash.",-EMPERORS IN THE NEW WORLD- [OP-09]
OP09-087,Charlotte Pudding,C,CHARACTER,2,Wisdom,-,1000,Black,3,Big Mom Pirates,"[On Play] If your opponent has 5 or more cards in their hand, your opponent trashes 1 card from their hand.",-EMPERORS IN THE NEW WORLD- [OP-09]
OP09-088,Shiryu,UC,CHARACTER,3,Slash,4000,2000,Black,3,Blackbeard Pirates,[DON!! x1] [When Attacking] You may trash 2 cards from your hand: Draw 2 cards.,-EMPERORS IN THE NEW WORLD- [OP-09]
OP09-089,Stronger,UC,CHARACTER,1,Wisdom,-,2000,Black,3,Animal/Blackbeard Pirates,"[Activate: Main] You may trash 1 card from your hand and trash this Character: If your Leader has the {Blackbeard Pirates} type, draw 1 card. Then, give up to 1 of your opponent's Characters –2 cost during this turn.",-EMPERORS IN THE NEW WORLD- [OP-09]
OP09-090,Doc Q,R,CHARACTER,2,Special,-,1000,Black,3,Blackbeard Pirates,"[Activate: Main] You may rest this Character: If your Leader has the {Blackbeard Pirates} type, K.O. up to 1 of your opponent's Characters with a cost of 1 or less.[On K.O.] Draw 1 card.",-EMPERORS IN THE NEW WORLD- [OP-09]
OP09-091,Vasco Shot,C,CHARACTER,2,Special,2000,1000,Black,3,Blackbeard Pirates,"[Blocker] (After your opponent declares an attack, you may rest this card to make it the new target of the attack.)",-EMPERORS IN THE NEW WORLD- [OP-09]
OP09-092,Marshall.D.Teach,C,CHARACTER,3,Slash,4000,1000,Black,3,Whitebeard Pirates,"[Activate: Main] You may rest this Character: If the number of cards in your hand is at least 3 less than the number in your opponent's hand, draw 2 cards and trash 1 card from your hand.",-EMPERORS IN THE NEW WORLD- [OP-09]
OP09-093,Marshall.D.Teach,SR,CHARACTER,10,Special,12000,-,Black,3,The Four Emperors/Blackbeard Pirates,"[Blocker][Activate: Main] [Once Per Turn] If your Leader has the {Blackbeard Pirates} type and this Character was played on this turn, negate the effect of up to 1 of your opponent's Leader during this turn. Then, negate the effect of up to 1 of your opponent's Characters and that Character cannot attack until the end of your opponent's next turn.",-EMPERORS IN THE NEW WORLD- [OP-09]
OP09-093,Marshall.D.Teach,SR,CHARACTER,10,Special,12000,-,Black,3,The Four Emperors/Blackbeard Pirates,"[Blocker][Activate: Main] [Once Per Turn] If your Leader has the {Blackbeard Pirates} type and this Character was played on this turn, negate the effect of up to 1 of your opponent's Leader during this turn. Then, negate the effect of up to 1 of your opponent's Characters and that Character cannot attack until the end of your opponent's next turn.",-EMPERORS IN THE NEW WORLD- [OP-09]
OP09-093,Marshall.D.Teach,SR,CHARACTER,10,Special,12000,-,Black,3,The Four Emperors/Blackbeard Pirates,"[Blocker][Activate: Main] [Once Per Turn] If your Leader has the {Blackbeard Pirates} type and this Character was played on this turn, negate the effect of up to 1 of your opponent's Leader during this turn. Then, negate the effect of up to 1 of your opponent's Characters and that Character cannot attack until the end of your opponent's next turn.",-EMPERORS IN THE NEW WORLD- [OP-09]
OP09-094,Peachbeard,C,CHARACTER,3,Slash,5000,1000,Black,3,Peachbeard Pirates/Blackbeard Pirates Allies,-,-EMPERORS IN THE NEW WORLD- [OP-09]
OP09-095,Laffitte,R,CHARACTER,1,Strike,1000,1000,Black,3,Blackbeard Pirates,"[Activate: Main] You may rest 1 of your DON!! cards and this Character: Look at 5 cards from the top of your deck; reveal up to 1 {Blackbeard Pirates} type card and add it to your hand. Then, place the rest at the bottom of your deck in any order.",-EMPERORS IN THE NEW WORLD- [OP-09]
OP09-096,My Era...Begins!!,R,EVENT,1,,-,-,Black,3,Blackbeard Pirates,"[Main] Look at 3 cards from the top of your deck; reveal up to 1 {Blackbeard Pirates} type card other than [My Era...Begins!!] and add it to your hand. Then, trash the rest.",-EMPERORS IN THE NEW WORLD- [OP-09]
OP09-097,Black Vortex,C,EVENT,2,,-,-,Black,3,Blackbeard Pirates,[Counter] Negate the effect of up to 1 of your opponent's Leader or Character cards and give that card −4000 power during this turn.,-EMPERORS IN THE NEW WORLD- [OP-09]
OP09-098,Black Hole,UC,EVENT,4,,-,-,Black,3,Blackbeard Pirates,"[Main] If your Leader has the {Blackbeard Pirates} type, negate the effect of up to 1 of your opponent's Characters during this turn. Then, if that Character has a cost of 4 or less, K.O. it.",-EMPERORS IN THE NEW WORLD- [OP-09]
OP09-099,Fullalead,C,STAGE,1,,-,-,Black,3,Blackbeard Pirates,"[Activate: Main] You may trash 1 card from your hand and rest this Stage: Look at 3 cards from the top of your deck; reveal up to 1 {Blackbeard Pirates} type card and add it to your hand. Then, place the rest at the bottom of your deck in any order.",-EMPERORS IN THE NEW WORLD- [OP-09]
OP09-100,Karasu,UC,CHARACTER,3,Special,4000,1000,Yellow,3,Revolutionary Army,"[Blocker] (After your opponent declares an attack, you may rest this card to make it the new target of the attack.)",-EMPERORS IN THE NEW WORLD- [OP-09]
OP09-101,Kuzan,R,CHARACTER,4,Special,5000,1000,Yellow,3,Navy,[On Play] Place 1 of your opponent's Characters with a cost of 3 or less at the top or bottom of your opponent's Life cards face-up: Your opponent trashes 1 card from their hand.,-EMPERORS IN THE NEW WORLD- [OP-09]
OP09-102,Professor Clover,R,CHARACTER,1,Wisdom,-,2000,Yellow,3,Ohara,"[On Play] If your Leader is [Nico Robin], look at 3 cards from the top of your deck; reveal up to 1 card with a [Trigger] and add it to your hand. Then, place the rest at the bottom of your deck in any order.",-EMPERORS IN THE NEW WORLD- [OP-09]
OP09-103,Koala,SR,CHARACTER,6,Strike,6000,-,Yellow,3,Revolutionary Army,"[Blocker][On Play] You may add 1 card from the top or bottom of your Life cards to your hand: Play up to 1 {Revolutionary Army} type Character card with a cost of 4 or less from your hand. If you do, draw 1 card.",-EMPERORS IN THE NEW WORLD- [OP-09]
OP09-103,Koala,SR,CHARACTER,6,Strike,6000,-,Yellow,3,Revolutionary Army,"[Blocker][On Play] You may add 1 card from the top or bottom of your Life cards to your hand: Play up to 1 {Revolutionary Army} type Character card with a cost of 4 or less from your hand. If you do, draw 1 card.",-EMPERORS IN THE NEW WORLD- [OP-09]
OP09-104,Sabo,R,CHARACTER,7,Special,7000,1000,Yellow,3,Revolutionary Army,"[On Play] Add up to 1 {Revolutionary Army} type Character card from your hand to the top of your Life cards face-up. Then, if you have 2 or more Life cards, add 1 card from the top or bottom of your Life cards to your hand.",-EMPERORS IN THE NEW WORLD- [OP-09]
OP09-105,Sanji,C,CHARACTER,5,Strike,6000,1000,Yellow,3,Egghead/Straw Hat Crew,-,-EMPERORS IN THE NEW WORLD- [OP-09]
OP09-106,Nico Olvia,C,CHARACTER,1,Wisdom,-,2000,Yellow,3,Ohara,[On Play] Up to 1 of your [Nico Robin] Leader gains +3000 power during this turn.,-EMPERORS IN THE NEW WORLD- [OP-09]
OP09-107,Nico Robin,R,CHARACTER,6,Strike,6000,1000,Yellow,3,Straw Hat Crew,"[On Play] If your opponent has 3 or more Life cards, trash up to 1 card from the top of your opponent's Life cards.",-EMPERORS IN THE NEW WORLD- [OP-09]
OP09-107,Nico Robin,R,CHARACTER,6,Strike,6000,1000,Yellow,3,Straw Hat Crew,"[On Play] If your opponent has 3 or more Life cards, trash up to 1 card from the top of your opponent's Life cards.",-EMPERORS IN THE NEW WORLD- [OP-09]
OP09-108,Bartholomew Kuma,UC,CHARACTER,4,Strike,5000,2000,Yellow,3,The Seven Warlords of the Sea/Revolutionary Army,-,-EMPERORS IN THE NEW WORLD- [OP-09]
OP09-109,Jaguar.D.Saul,UC,CHARACTER,3,Strike,5000,-,Yellow,3,Ohara/Giant/Navy,"[Blocker] (After your opponent declares an attack, you may rest this card to make it the new target of the attack.)",-EMPERORS IN THE NEW WORLD- [OP-09]
OP09-110,Pierre,C,CHARACTER,2,Strike,2000,1000,Yellow,3,Animal/Sky Island,[On Play] Draw 2 cards and trash 2 cards from your hand.,-EMPERORS IN THE NEW WORLD- [OP-09]
OP09-111,Brook,C,CHARACTER,5,Slash,6000,1000,Yellow,3,Egghead/Straw Hat Crew,-,-EMPERORS IN THE NEW WORLD- [OP-09]
OP09-112,Belo Betty,C,CHARACTER,3,Special,4000,1000,Yellow,3,Revolutionary Army,"[On Play] If you have 2 or less Life cards, draw 1 card.",-EMPERORS IN THE NEW WORLD- [OP-09]
OP09-113,Morley,C,CHARACTER,4,Special,6000,1000,Yellow,3,Giant/Revolutionary Army,-,-EMPERORS IN THE NEW WORLD- [OP-09]
OP09-114,Lindbergh,C,CHARACTER,3,Special,4000,1000,Yellow,3,Minks/Revolutionary Army,"[On Play] If you and your opponent have a total of 5 or less Life cards, K.O. up to 1 of your opponent's Characters with 2000 power or less.",-EMPERORS IN THE NEW WORLD- [OP-09]
OP09-115,Ice Block Partisan,UC,EVENT,1,,-,-,Yellow,3,Navy,[Main] K.O. up to 1 of your opponent's Characters with a cost of 3 or less and a [Trigger].,-EMPERORS IN THE NEW WORLD- [OP-09]
OP09-116,Never Underestimate the Power of Miracles!!,C,EVENT,1,,-,-,Yellow,3,Revolutionary Army,[Counter] Up to 1 of your Leader or Character cards gains +2000 power during this battle.,-EMPERORS IN THE NEW WORLD- [OP-09]
OP09-117,Dereshi!,R,EVENT,3,,-,-,Yellow,3,Ohara,"[Main] Look at 5 cards from the top of your deck; reveal up to 2 cards with a [Trigger] other than [Dereshi!] and add them to your hand. Then, place the rest at the bottom of your deck in any order.",-EMPERORS IN THE NEW WORLD- [OP-09]
OP09-118,Gol.D.Roger,SEC,CHARACTER,10,Slash,13000,-,Red,3,King of the Pirates/Roger Pirates,"[Rush] (This card can attack on the turn in which it is played.)When your opponent activates [Blocker], if either you or your opponent has 0 Life cards, you win the game.",-EMPERORS IN THE NEW WORLD- [OP-09]
OP09-118,Gol.D.Roger,SEC,CHARACTER,10,Slash,13000,-,Red,3,King of the Pirates/Roger Pirates,"[Rush] (This card can attack on the turn in which it is played.)When your opponent activates [Blocker], if either you or your opponent has 0 Life cards, you win the game.",-EMPERORS IN THE NEW WORLD- [OP-09]
OP09-118,Gol.D.Roger,SEC,CHARACTER,10,Slash,13000,-,Red,3,King of the Pirates/Roger Pirates,"[Rush] (This card can attack on the turn in which it is played.)When your opponent activates [Blocker], if either you or your opponent has 0 Life cards, you win the game.",-EMPERORS IN THE NEW WORLD- [OP-09]
OP09-119,Monkey.D.Luffy,SEC,CHARACTER,9,Strike,10000,-,Purple,3,Straw Hat Crew,[On Play] You may return 1 or more DON!! cards from your field to your DON!! deck: Draw 1 card and this Character gains [Rush] during this turn.,-EMPERORS IN THE NEW WORLD- [OP-09]
OP09-119,Monkey.D.Luffy,SEC,CHARACTER,9,Strike,10000,-,Purple,3,Straw Hat Crew,[On Play] You may return 1 or more DON!! cards from your field to your DON!! deck: Draw 1 card and this Character gains [Rush] during this turn.,-EMPERORS IN THE NEW WORLD- [OP-09]
OP09-119,Monkey.D.Luffy,SEC,CHARACTER,9,Strike,10000,-,Purple,3,Straw Hat Crew,[On Play] You may return 1 or more DON!! cards from your field to your DON!! deck: Draw 1 card and this Character gains [Rush] during this turn.,-EMPERORS IN THE NEW WORLD- [OP-09]
ST18-004,Zoro-Juurou,SR,CHARACTER,4,Slash,6000,-,Purple,3,Straw Hat Crew,"[On Play] Look at 5 cards from the top of your deck; reveal up to 1 purple {Straw Hat Crew} type card and add it to your hand. Then, place the rest at the bottom of your deck in any order.",-EMPERORS IN THE NEW WORLD- [OP-09]
OP04-119,Donquixote Rosinante,SP CARD,CHARACTER,8,Special,8000,-,Green,1,Navy/Donquixote Pirates,"[Opponent's Turn] If this Character is rested, your active Characters with a base cost of 5 cannot be K.O.'d by effects.[On Play] You may rest this Character: Play up to 1 green Character card with a cost of 5 from your hand.",-EMPERORS IN THE NEW WORLD- [OP-09]
OP05-067,Zoro-Juurou,SP CARD,CHARACTER,3,Slash,4000,1000,Purple,2,Straw Hat Crew,"[When Attacking] If you have 3 or less Life cards, add up to 1 DON!! card from your DON!! deck and set it as active.",-EMPERORS IN THE NEW WORLD- [OP-09]
OP05-093,Rob Lucci,SP CARD,CHARACTER,4,Strike,6000,-,Black,2,CP0,[On Play] You may place 3 cards from your trash at the bottom of your deck in any order: K.O. up to 1 of your opponent's Characters with a cost of 2 or less and up to 1 of your opponent's Characters with a cost of 1 or less.,-EMPERORS IN THE NEW WORLD- [OP-09]
OP05-119,Monkey.D.Luffy,SP CARD,CHARACTER,10,Strike,12000,-,Purple,2,The Four Emperors/Straw Hat Crew,"[On Play] DON!! −10: Place all of your Characters except this Character at the bottom of your deck in any order. Then, take an extra turn after this one.[Activate: Main] [Once Per Turn] You may rest 1 of your DON!! cards: Add up to 1 DON!! card from your DON!! deck and set it as active.",-EMPERORS IN THE NEW WORLD- [OP-09]
OP07-015,Monkey.D.Dragon,SP CARD,CHARACTER,8,Special,9000,-,Red,2,Revolutionary Army,[Rush] (This card can attack on the turn in which it is played.)[On Play] Give up to 2 rested DON!! cards to your Leader or 1 of your Characters.,-EMPERORS IN THE NEW WORLD- [OP-09]
OP07-051,Boa Hancock,SP CARD,CHARACTER,6,Special,8000,-,Blue,2,The Seven Warlords of the Sea/Kuja Pirates,"[On Play] Up to 1 of your opponent's Characters other than [Monkey.D.Luffy] cannot attack until the end of your opponent's next turn. Then, place up to 1 Character with a cost of 1 or less at the bottom of the owner's deck.",-EMPERORS IN THE NEW WORLD- [OP-09]
OP08-106,Nami,SP CARD,CHARACTER,5,Special,5000,1000,Yellow,2,Egghead/Straw Hat Crew,"[On Play] You may trash 1 card with a [Trigger] from your hand: K.O. up to 1 of your opponent's Characters with a cost of 5 or less. Then, if you have 3 or less cards in your hand, draw 1 card.",-EMPERORS IN THE NEW WORLD- [OP-09]
OP09-004,Shanks,SP CARD,CHARACTER,10,Slash,12000,-,Red,3,The Four Emperors/Red-Haired Pirates,Give all of your opponent's Characters −1000 power.[Rush] (This card can attack on the turn in which it is played.),-EMPERORS IN THE NEW WORLD- [OP-09]
OP09-051,Buggy,SP CARD,CHARACTER,10,Slash,12000,-,Blue,3,The Four Emperors/Cross Guild,"[On Play] Place up to 1 of your opponent's Characters at the bottom of the owner's deck. Then, if you do not have 5 Characters with a cost of 5 or more, place this Character at the bottom of the owner's deck.",-EMPERORS IN THE NEW WORLD- [OP-09]
OP09-093,Marshall.D.Teach,SP CARD,CHARACTER,10,Special,12000,-,Black,3,The Four Emperors/Blackbeard Pirates,"[Blocker][Activate: Main] [Once Per Turn] If your Leader has the {Blackbeard Pirates} type and this Character was played on this turn, negate the effect of up to 1 of your opponent's Leader during this turn. Then, negate the effect of up to 1 of your opponent's Characters and that Character cannot attack until the end of your opponent's next turn.",-EMPERORS IN THE NEW WORLD- [OP-09]
